"","OXA","Fu5","FOLFOX "
"TCGA_COAD_FPKM_T_RMA_MAP_filter_O_3000_F_0.25_C_0.95_BC_32",1,1,1
"TCGA_COAD_FPKM_T_RMA_MAP_filter_O_3000_F_0.25_C_0.95_BC_171",1,1,0
"TCGA_COAD_FPKM_T_RMA_MAP_filter_O_3000_F_0.25_C_0.875_BC_154",1,0,1
"TCGA_COAD_FPKM_T_RMA_MAP_filter_O_3000_F_0.25_C_1_BC_191",1,0,1
"TCGA_COAD_FPKM_T_RMA_MAP_filter_O_3000_F_0.25_C_0.875_BC_97",0,1,1
"TCGA_COAD_FPKM_T_RMA_MAP_filter_O_3000_F_0.25_C_0.875_BC_274",1,0,0
"TCGA_COAD_FPKM_T_RMA_MAP_filter_O_3000_F_0.25_C_0.9_BC_23",1,0,0
"TCGA_COAD_FPKM_T_RMA_MAP_filter_O_3000_F_0.25_C_0.9_BC_356",1,0,0
"TCGA_COAD_FPKM_T_RMA_MAP_filter_O_3000_F_0.25_C_0.95_BC_659",1,0,0
"TCGA_COAD_FPKM_T_RMA_MAP_filter_O_3000_F_0.25_C_0.95_BC_679",1,0,0
"TCGA_COAD_FPKM_T_RMA_MAP_filter_O_3000_F_0.25_C_1_BC_476",1,0,0
"TCGA_COAD_FPKM_T_RMA_MAP_filter_O_3000_F_0.25_C_1_BC_690",1,0,0
"TCGA_COAD_FPKM_T_RMA_MAP_filter_O_3000_F_0.25_C_0.85_BC_286",0,1,0
"TCGA_COAD_FPKM_T_RMA_MAP_filter_O_3000_F_0.25_C_0.85_BC_287",0,1,0
"TCGA_COAD_FPKM_T_RMA_MAP_filter_O_3000_F_0.25_C_0.9_BC_223",0,1,0
"TCGA_COAD_FPKM_T_RMA_MAP_filter_O_3000_F_0.25_C_0.95_BC_465",0,1,0
"TCGA_COAD_FPKM_T_RMA_MAP_filter_O_3000_F_0.25_C_1_BC_335",0,1,0
"TCGA_COAD_FPKM_T_RMA_MAP_filter_O_3000_F_0.25_C_1_BC_380",0,1,0
"TCGA_COAD_FPKM_T_RMA_MAP_filter_O_3000_F_0.25_C_0.95_BC_153",0,1,0
"TCGA_COAD_FPKM_T_RMA_MAP_filter_O_3000_F_0.25_C_0.9_BC_430",0,0,1
"TCGA_COAD_FPKM_T_RMA_MAP_filter_O_3000_F_0.25_C_0.95_BC_269",0,0,1
"TCGA_COAD_FPKM_T_RMA_MAP_filter_O_3000_F_0.25_C_0.95_BC_486",0,0,1
"TCGA_COAD_FPKM_T_RMA_MAP_filter_O_3000_F_0.25_C_1_BC_255",0,0,1
